<?xml version="1.0" encoding="UTF-8" standalone="yes"?>
<TWM_BOL xmlns:xsi="http://www.w3.org/2001/XMLSchema-instance">
  <Identification_segment>
    <Registry_number>ET553</Registry_number>
    <Date>22-07-12</Date>
    <Bol_reference>RAP300002</Bol_reference>
    <Customs_office_segment>
      <Code>AAA01</Code>
    </Customs_office_segment>
  </Identification_segment>
  <Bol_specific_segment>
    <Line_number>1</Line_number>
    <Status>HSE</Status>
    <Bol_Nature>23</Bol_Nature>
    <Total_number_of_containers>0</Total_number_of_containers>
    <Total_gross_mass_manifested>10</Total_gross_mass_manifested>
    <Bol_type_segment>
      <Code>AWB</Code>
    </Bol_type_segment>
    <Exporter_segment/>
    <Consignee_segment>
      <Name>FRANOL GELETA</Name>
    </Consignee_segment>
    <Notify_segment/>
    <Place_of_loading_segment>
      <Code>YYZ</Code>
    </Place_of_loading_segment>
    <Place_of_unloading_segment>
      <Code>ETADD</Code>
    </Place_of_unloading_segment>
    <Packages_segment>
      <Package_type_code>CT</Package_type_code>
      <Number_of_packages>1</Number_of_packages>
    </Packages_segment>
    <Goods_description>CLOTHES</Goods_description>
    <Seals_segment/>
    <Operations_segment>
      <Packages_remaining>0</Packages_remaining>
      <Gross_mass_remaining>0</Gross_mass_remaining>
      <Location_segment>
        <Code/>
        <Information/>
      </Location_segment>
    </Operations_segment>
  </Bol_specific_segment>
</TWM_BOL>
